Workbook

Sheet Legend
A1: APS + Cancer Anticoagulation — Literature Extraction Tracker
A3: PURPOSE
A4: Log every article you (or I) find — RCTs, cohorts, registries, case series, individual case reports. The 'Dashboard' tab recalculates automatically as rows are added, so at any point we can see, with real numbers, whether a systematic review with meta-analysis is defensible, or whether only a descriptive/narrative synthesis is honest.
A6: TWO DATA TABS FOR TWO DIFFERENT KINDS OF SOURCE
A7: 'Data' is PATIENT-LEVEL — one row per patient — and is what case reports and case series feed. 'Study_Effects' is STUDY-LEVEL — one row per effect estimate (one outcome, one comparison, one subgroup) — and is what RCTs, cohorts, and registries feed, since a genuine pooled analysis (manuscript Section 2.7) needs a hazard/risk ratio with its CI and event counts, not a patient tally. A single comparative article can contribute to BOTH tabs if it also describes an individual patient in enough detail (rare, but it happens with small trial subgroups).
A9: HOW TO USE
A10: 1. For each article, create one row per patient described (a case report = 1 row; a case series or cohort of N patients = N rows, sharing the same Study_ID).
A11: 2. Cells shaded YELLOW on the 'Data' and 'Study_Effects' tabs are the ones to fill in. Use the dropdown lists where provided (Design, Population_group, aPL_profile, Anticoag_strategy, Reports_cancer_status, Cancer_status_stratum, and all Yes/No/NA columns) — typing free text into those columns breaks the automatic counts on the Dashboard.
A12: 3. The orange rows on 'Data' (rows 2-4) and 'Study_Effects' (row 2) are WORKED EXAMPLES (Is_Example = Y). They are excluded from every Dashboard count automatically. Leave them as a formatting reference, or delete them once you're comfortable with the layout — either is fine.
A13: 4. The single most important column is 'Population_group' — this is the A / B / C distinction from the manuscript (Section 1.4): A = simple/transient aPL positivity in an oncology patient, B = clinically defined APS + cancer, C = high-risk or triple-positive APS + cancer. Everything the Dashboard tells you about feasibility hinges on getting this column right for each patient, so when an article is ambiguous, use the Notes column to say why and flag it for a second look.
A14: 5. Send me the updated file at any point (or keep adding to it here) and I will re-check the numbers, sanity-check the Population_group assignments against what the paper actually reports, and give you an updated verdict on review type and meta-analysis feasibility.
A16: WHAT THE DASHBOARD CAN AND CANNOT TELL YOU
... A21: Orange fill — Worked example row — excluded from all Dashboard counts

Sheet Data
A1: Is_Example | B1: Study_ID | C1: Patient_ID | D1: Design | E1: Year | F1: Country | G1: Age | H1: Sex | I1: APS_classification_criteria | J1: aPL_profile | K1: Population_group | L1: Malignancy_type | M1: Malignancy_active_treatment | N1: Timing_APS_vs_Cancer | O1: Index_event_type | P1: Index_event_site | Q1: Anticoag_strategy | R1: Switch_occurred | S1: Thrombotic_recurrence | T1: Major_bleeding | U1: CRNMB | V1: Follow_up_months | W1: Mortality | X1: Full_citation | Y1: StudyKey_ifReal (helper — do not edit) | Z1: StudyKey_ifRealC (helper — do not edit)
A2: Y | B2: Cureus_2024_PerfectStorm | C2: 1 | D2: Case report | E2: 2024 | F2: USA | G2: 51 | H2: M | I2: Not stated | J2: Not specified | K2: B | L2: Duodenal cancer (history of) | M2: None active | N2: After cancer | O2: Both | P2: Ischaemic stroke, ICH, PE | Q2: LMWH | R2: Y | S2: N | T2: N | U2: N | V2: 3 | W2: N | X2: Cancer History, Antiphospholipid Syndrome, and Lupus Anticoagulant: A Perfect Storm for Thrombosis. Cureus. 2024/2025. | Y2: =IF(AND(A2<>"Y",B2<>""),B2,"") | Z2: =IF(AND(A2<>"Y",B2<>"",K2="C"),B2,"")
A3: Y | B3: Example_TripleC_Illustrative | C3: 1 | D3: Case report | E3: 2020 | F3: - | G3: 45 | H3: F | I3: Sydney 2006 | J3: Triple | K3: C | L3: Breast cancer | M3: Chemotherapy | N3: Before cancer | O3: Venous | P3: Recurrent DVT | Q3: VKA | R3: N | S3: N | T3: N | U3: N | V3: 6 | W3: N | X3: PLACEHOLDER — replace with a real triple-positive+cancer case once found; format only. | Y3: =IF(AND(A3<>"Y",B3<>""),B3,"") | Z3: =IF(AND(A3<>"Y",B3<>"",K3="C"),B3,"")
A4: Y | B4: Example_TripleC_Illustrative | C4: 2 | D4: Case series | E4: 2020 | F4: - | G4: 60 | H4: M | I4: ACR-EULAR 2023 | J4: Triple | K4: C | L4: Lung cancer | M4: Radiotherapy | N4: Concurrently | O4: Arterial | P4: Ischaemic stroke | Q4: DOAC | R4: Y | S4: Y | T4: N | U4: N | V4: 4 | W4: Unclear | X4: PLACEHOLDER — replace with a real triple-positive+cancer case once found; format only. | Y4: =IF(AND(A4<>"Y",B4<>""),B4,"") | Z4: =IF(AND(A4<>"Y",B4<>"",K4="C"),B4,"")
Y5: =IF(AND(A5<>"Y",B5<>""),B5,"") | Z5: =IF(AND(A5<>"Y",B5<>"",K5="C"),B5,"")
Y6: =IF(AND(A6<>"Y",B6<>""),B6,"") | Z6: =IF(AND(A6<>"Y",B6<>"",K6="C"),B6,"")
Y7: =IF(AND(A7<>"Y",B7<>""),B7,"") | Z7: =IF(AND(A7<>"Y",B7<>"",K7="C"),B7,"")
Y8: =IF(AND(A8<>"Y",B8<>""),B8,"") | Z8: =IF(AND(A8<>"Y",B8<>"",K8="C"),B8,"")
Y9: =IF(AND(A9<>"Y",B9<>""),B9,"") | Z9: =IF(AND(A9<>"Y",B9<>"",K9="C"),B9,"")
Y10: =IF(AND(A10<>"Y",B10<>""),B10,"") | Z10: =IF(AND(A10<>"Y",B10<>"",K10="C"),B10,"")
Y11: =IF(AND(A11<>"Y",B11<>""),B11,"") | Z11: =IF(AND(A11<>"Y",B11<>"",K11="C"),B11,"")
Y12: =IF(AND(A12<>"Y",B12<>""),B12,"") | Z12: =IF(AND(A12<>"Y",B12<>"",K12="C"),B12,"")
Y13: =IF(AND(A13<>"Y",B13<>""),B13,"") | Z13: =IF(AND(A13<>"Y",B13<>"",K13="C"),B13,"")
Y14: =IF(AND(A14<>"Y",B14<>""),B14,"") | Z14: =IF(AND(A14<>"Y",B14<>"",K14="C"),B14,"")
Y15: =IF(AND(A15<>"Y",B15<>""),B15,"") | Z15: =IF(AND(A15<>"Y",B15<>"",K15="C"),B15,"")
Y16: =IF(AND(A16<>"Y",B16<>""),B16,"") | Z16: =IF(AND(A16<>"Y",B16<>"",K16="C"),B16,"")
... Y1000: =IF(AND(A1000<>"Y",B1000<>""),B1000,"") | Z1000: =IF(AND(A1000<>"Y",B1000<>"",K1000="C"),B1000,"")

Sheet Study_Effects
A1: Is_Example | B1: Study_ID | C1: Design | D1: Comparison | E1: Population_subgroup | F1: Reports_cancer_status | G1: Cancer_status_stratum | H1: Outcome | I1: Effect_measure | J1: Estimate | K1: CI_lower | L1: CI_upper | M1: Arm1_label | N1: Events_arm1 | O1: N_arm1 | P1: Arm2_label | Q1: Events_arm2 | R1: N_arm2 | S1: Follow_up | T1: RoB_tool | U1: RoB_overall | V1: Full_citation | W1: Notes | X1: StudyKey_ifReal (helper — do not edit)
A2: Y | B2: Pengo_2018_TRAPS | C2: RCT | D2: Rivaroxaban vs VKA | E2: Triple-positive only | F2: Y | G2: Cancer excluded by design | H2: Any recurrent thrombosis | I2: HR | J2: 6.7 | K2: 1.5 | L2: 30.5 | M2: Rivaroxaban | N2: 6 | O2: 59 | P2: VKA | Q2: 0 | R2: 61 | S2: median ~18 months (trial stopped early) | T2: RCT | U2: Some concerns | V2: Pengo V, et al. Rivaroxaban vs. warfarin in high-risk patients with antiphospholipid syndrome (TRAPS trial). Blood. 2018. | W2: ILLUSTRATIVE EXAMPLE ONLY — numbers are placeholders shaped like a stopped-early trial, not the real reported estimate; replace with the true figures once the full text is reviewed. Shows how 'Cancer excluded by design' should be used: TRAPS very likely excluded active malignancy, which is exactly the fact that limits Tier 2 in Section 2.7 of the manuscript. | X2: =IF(AND(A2<>"Y",B2<>""),B2,"")
X3: =IF(AND(A3<>"Y",B3<>""),B3,"")
X4: =IF(AND(A4<>"Y",B4<>""),B4,"")
X5: =IF(AND(A5<>"Y",B5<>""),B5,"")
X6: =IF(AND(A6<>"Y",B6<>""),B6,"")
X7: =IF(AND(A7<>"Y",B7<>""),B7,"")
X8: =IF(AND(A8<>"Y",B8<>""),B8,"")
X9: =IF(AND(A9<>"Y",B9<>""),B9,"")
X10: =IF(AND(A10<>"Y",B10<>""),B10,"")
X11: =IF(AND(A11<>"Y",B11<>""),B11,"")
X12: =IF(AND(A12<>"Y",B12<>""),B12,"")
X13: =IF(AND(A13<>"Y",B13<>""),B13,"")
X14: =IF(AND(A14<>"Y",B14<>""),B14,"")
... X1000: =IF(AND(A1000<>"Y",B1000<>""),B1000,"")

Sheet Dashboard
A1: APS + Cancer Anticoagulation — Feasibility Dashboard
A2: Recalculates automatically from the 'Data' tab. Worked-example rows are excluded.
A4: 1. Overall volume of evidence
A5: Total patient-rows entered (excluding examples) | B5: =COUNTIFS(Data!A2:A1000,"<>Y",Data!B2:B1000,"<>") | C5: Every case-report/series patient and every cohort/RCT patient counted once each.
A6: Distinct studies/articles entered | B6: =SUMPRODUCT(((Data!Y2:Y1000)<>"")/COUNTIF(Data!Y2:Y1000,Data!Y2:Y1000&"")) | C6: Counts unique Study_ID values — the number that matters for 'how many independent sources do we have', not the raw patient count.
A8: 2. Split by population group (Section 1.4 of the manuscript)
A9: Group A — oncology patients, simple/transient aPL positivity | B9: =COUNTIFS(Data!A2:A1000,"<>Y",Data!K2:K1000,"A")
A10: Group B — oncology patients, clinically defined APS | B10: =COUNTIFS(Data!A2:A1000,"<>Y",Data!K2:K1000,"B")
A11: Group C — oncology patients, high-risk/triple-positive APS | B11: =COUNTIFS(Data!A2:A1000,"<>Y",Data!K2:K1000,"C") | C11: This is the population the review is actually about — everything below focuses on it.
A12: Distinct studies contributing at least one Group C patient | B12: =SUMPRODUCT(((Data!Z2:Z1000)<>"")/COUNTIF(Data!Z2:Z1000,Data!Z2:Z1000&""))
A14: 3. Group C — study design mix
A15: Group C patients from case reports or case series | B15: =COUNTIFS(Data!A2:A1000,"<>Y",Data!K2:K1000,"C",Data!D2:D1000,"Case report")+COUNTIFS(Data!A2:A1000,"<>Y",Data!K2:K1000,"C",Data!D2:D1000,"Case series")
A16: Group C patients from cohorts, registries, or RCTs | B16: =COUNTIFS(Data!A2:A1000,"<>Y",Data!K2:K1000,"C",Data!D2:D1000,"Retrospective cohort")+COUNTIFS(Data!A2:A1000,"<>Y",Data!K2:K1000,"C",Data!D2:D1000,"Prospective cohort")+COUNTIFS(Data!A2:A1000,"<>Y",Data!K2:K1000,"C",Data!D2:D1000,"Registry")+COUNTIFS(Data!A2:A1000,"<>Y",Data!K2:K1000,"C",Data!D2:D1000,"RCT") | C16: A non-zero count here is what would allow a genuine comparative effect estimate, not just a descriptive proportion.
A18: 4. Group C — anticoagulant strategy (comparator check)
A19: Group C patients treated with VKA | B19: =COUNTIFS(Data!A2:A1000,"<>Y",Data!K2:K1000,"C",Data!P2:P1000,"VKA")
A20: Group C patients treated with a DOAC | B20: =COUNTIFS(Data!A2:A1000,"<>Y",Data!K2:K1000,"C",Data!P2:P1000,"DOAC")
A21: Group C patients treated with LMWH | B21: =COUNTIFS(Data!A2:A1000,"<>Y",Data!K2:K1000,"C",Data!P2:P1000,"LMWH")
A23: 5. Group C — outcomes by strategy
A24: VKA: recurrence Y / bleeding (major or CRNMB) Y | B24: =COUNTIFS(Data!A2:A1000,"<>Y",Data!K2:K1000,"C",Data!P2:P1000,"VKA",Data!R2:R1000,"Y")&" / "&(COUNTIFS(Data!A2:A1000,"<>Y",Data!K2:K1000,"C",Data!P2:P1000,"VKA",Data!S2:S1000,"Y")+COUNTIFS(Data!A2:A1000,"<>Y",Data!K2:K1000,"C",Data!P2:P1000,"VKA",Data!T2:T1000,"Y"))
A25: DOAC: recurrence Y / bleeding (major or CRNMB) Y | B25: =COUNTIFS(Data!A2:A1000,"<>Y",Data!K2:K1000,"C",Data!P2:P1000,"DOAC",Data!R2:R1000,"Y")&" / "&(COUNTIFS(Data!A2:A1000,"<>Y",Data!K2:K1000,"C",Data!P2:P1000,"DOAC",Data!S2:S1000,"Y")+COUNTIFS(Data!A2:A1000,"<>Y",Data!K2:K1000,"C",Data!P2:P1000,"DOAC",Data!T2:T1000,"Y"))
A26: LMWH: recurrence Y / bleeding (major or CRNMB) Y | B26: =COUNTIFS(Data!A2:A1000,"<>Y",Data!K2:K1000,"C",Data!P2:P1000,"LMWH",Data!R2:R1000,"Y")&" / "&(COUNTIFS(Data!A2:A1000,"<>Y",Data!K2:K1000,"C",Data!P2:P1000,"LMWH",Data!S2:S1000,"Y")+COUNTIFS(Data!A2:A1000,"<>Y",Data!K2:K1000,"C",Data!P2:P1000,"LMWH",Data!T2:T1000,"Y"))
A28: 6. Rule-of-thumb feasibility gates (heuristics, not statistical proof — see Legend)
A29: ≥5 distinct studies with a Group C patient? | B29: =IF(B12>=5,"Reached — worth exploring descriptive pooling","Not yet — keep collecting") | C29: References B12 ('Distinct studies contributing at least one Group C patient').
A30: ≥10 total Group C patients? | B30: =IF(B11>=10,"Reached","Not yet — keep collecting") | C30: References B11 ('Group C' count in Section 2).
A31: ≥3 Group C patients on BOTH VKA and DOAC? | B31: =IF(AND(B19>=3,B20>=3),"Yes — a descriptive strategy comparison becomes defensible","No — cannot compare strategies yet") | C31: References B19/B20 (VKA / DOAC counts in Section 4).
A32: Any genuine comparative design (cohort/registry/RCT) in Group C? | B32: =IF(B16>0,"Yes — a true comparative meta-analysis may be possible","No — only case-level descriptive synthesis is honest, whatever the case count") | C32: References B16 ('cohorts, registries, or RCTs' count in Section 3).
A34: 7. Study-level effect estimates (Study_Effects tab) — Tier 1 / Tier 2 feasibility (Section 2.7)
A35: Study-level effect rows entered (excluding example) | B35: =COUNTIFS(Study_Effects!A2:A1000,"<>Y",Study_Effects!B2:B1000,"<>") | C35: Each row is one effect estimate (one outcome, one comparison, one subgroup) from one comparative study — not a patient count.
A36: Distinct comparative studies entered | B36: =SUMPRODUCT(((Study_Effects!X2:X1000)<>"")/COUNTIF(Study_Effects!X2:X1000,Study_Effects!X2:X1000&""))
A37: RCT vs observational effect rows | B37: =COUNTIFS(Study_Effects!A2:A1000,"<>Y",Study_Effects!C2:C1000,"RCT")&" RCT / "&(COUNTIFS(Study_Effects!A2:A1000,"<>Y",Study_Effects!C2:C1000,"Retrospective cohort")+COUNTIFS(Study_Effects!A2:A1000,"<>Y",Study_Effects!C2:C1000,"Prospective cohort")+COUNTIFS(Study_Effects!A2:A1000,"<>Y",Study_Effects!C2:C1000,"Registry"))&" observational" | C37: Section 2.7 pools these separately — a combined estimate is only a sensitivity analysis.
A38: Effect rows from studies that report cancer status at all (Reports_cancer_status = Y) | B38: =COUNTIFS(Study_Effects!A2:A1000,"<>Y",Study_Effects!F2:F1000,"Y") | C38: Tier 1 (cancer as a pre-specified effect modifier) needs this to be non-trivial — it is the main thing to watch as you add studies.
A39: Effect rows reporting BOTH a cancer and a non-cancer stratum separately | B39: =COUNTIFS(Study_Effects!A2:A1000,"<>Y",Study_Effects!G2:G1000,"Both cancer and non-cancer strata reported separately") | C39: This is the real Tier 2 gate: a formal treatment × cancer-status interaction test needs this, not just 'cancer status mentioned'.
A40: Tier 1 reachable (any cancer-relevant effect rows at all)? | B40: =IF(B38>0,"Yes — proceed with cancer as a pre-specified effect modifier","Not yet — no study reports cancer status")
A41: Tier 2 reachable (both strata reported, in >=2 independent studies)? | B41: =IF(B39>=2,"Possibly — check these are >=2 independent Study_IDs before proceeding","No — Tier 2 is not supported yet, stay at Tier 1") | C41: Manually confirm the rows behind this count come from at least two different Study_ID values, not the same study reported twice.
A43: 8. Bottom line
A44: Even when every Section 6 gate is 'Reached', case report/series volume alone supports a descriptive systematic review with a pooled proportion at most — never a pooled comparative effect size — because case reports have no denominator, no control group, and strong publication bias (unusual or dramatic courses are reported far more often than uneventful ones). A genuine meta-analysis (Section 2.7) requires entries on the Study_Effects tab, not just patient rows on Data: Tier 1 needs studies that report cancer status at all; Tier 2 needs studies that report separate cancer and non-cancer strata; neither is available yet from the pivotal high-risk APS RCTs, which are expected to have excluded active malignancy by design.
